movie_cast_key,movie_id,person_id,character_name,gender_id
1,285,85,"Captain Jack Sparrow",2
2,285,114,"Will Turner",2
3,285,116,"Elizabeth Swann",1
4,285,1640,"William Bootstrap Bill Turner",2
5,285,1619,"Captain Sao Feng",2
6,285,2440,"Captain Davy Jones",2
7,285,118,"Captain Hector Barbossa",2
8,285,1709,"Admiral James Norrington",2
9,285,2449,"Joshamee Gibbs",2
10,285,2441,"Lord Cutler Beckett",2
11,285,2038,"Tia Dalma",1
12,285,378,"Governor Weatherby Swann",2
13,285,1430,"Captain Teague Sparrow",2
14,285,1710,Pintel,2
15,285,1711,Ragetti,2
16,285,4031,"Lieutenant Theodore Groves",2
17,285,1715,Cotton,2
18,285,4030,Marty,2
19,285,939,"Ian Mercer",0
20,285,2450,Scarlett,1
21,285,2452,Giselle,1
22,285,1714,Mullroy,2
23,285,1713,Murtogg,0
24,285,22075,"Tai Huang",2
25,285,61259,"Henry Turner",2
26,285,33500,"Mistress Ching",1
27,285,1224149,"Lieutenant Greitzer",2
28,285,429401,Hadras,2
29,285,1123,Clacker,0
30,285,1056117,Penrod,2
31,285,21700,"Cotton's Parrot (voice)",2
32,285,1430,"Captain Teague",2
33,285,2603,"Captain Jocard",2
34,285,70577,"Captain Ammand",0
35,559,2219,"Peter Parker / Spider-Man",2
36,559,205,"Mary Jane Watson",1
37,559,17051,"Harry Osborn / New Goblin",2
38,559,19159,"Flint Marko / Sandman",2
39,559,17052,"Eddie Brock / Venom",2
40,559,18997,"Gwen Stacey",1
41,559,18998,"May Parker",1
42,559,2505,"Captain Stacey",2
43,559,18999,"J. Jonah Jameson",2
44,559,9207,"Mrs. Marko",1
45,559,19152,"Dr. Curt Connors",2
46,559,5502,"Joseph Robertson",2
47,559,9281,"Miss Brant",1
48,559,11769,Hoffman,2
49,559,6585,"Penny Marko",1
50,559,5293,"Norman Osborn / Green Goblin",2
51,559,19153,"Ben Parker",0
52,559,2368,"Mr. Ditkovitch",2
53,559,20645,Ursula,1
54,559,20582,"Dennis Carradine / Carjacker",2
55,559,20580,"Flash Thompson",2
56,559,7624,"Man in Times Square",2
57,559,11357,"Mau00eetre d",2
58,559,19155,Pianist,2
59,559,7628,Driver,0
60,559,19154,"John Jameson",2
61,559,19326,Houseman,0
62,559,59206,"Mrs. Stacy",1
63,559,78311,Photographer,2
64,559,116627,Anchorman,0
65,559,113608,"Jennifer Dugan",1
66,559,99932,"Congratulatory Woman at Daily Bugle",1
67,559,552526,"Crane Disaster Radio Policeman",2
68,559,1226471,"Play Director",2
69,559,159456,"Play Producer",2
70,559,105701,"Jazz Club Manager",2
71,559,66653,"Precinct Detective",2
72,559,1451076,"Emergency Room Doctor",2
73,559,11766,"Crane Operator",0
74,559,1781288,"Woman Outside Theater",1
75,559,1739821,"Police Detective",0
76,559,1735986,"New Jersey State Policeman",0
77,559,1781297,"New Jersey State Policeman",0
78,559,1435965,"Test Site Technician",1
79,559,1781298,"Test Site Technician",0
80,559,233298,"Test Site Technician",2
81,559,60490,"Test Site Technician",2
82,559,175606,"Test Site Technician",0
83,559,1656631,"Test Site Technician",1
84,559,173163,"ICU Nurse",0
85,559,1781299,"Cop at Crane Disaster",0
86,559,1781300,"Mary Jane's Replacement",1
87,559,1781301,"Boy at Key to the City Ceremony",0
88,559,1781302,Councilwoman,1
89,559,53257,"Policeman at Sand Truck",2
90,559,92486,"Policeman at Sand Truck",0
91,559,52946,"Armored Car Driver",2
92,559,1781303,"Newstand Patron",0
93,559,98396,"Newstand Patron",0
94,559,558055,"Newstand Patron",1
95,559,1781304,"Coffee Shop Waitress",1
96,559,1781307,"Jazz Club Waitress",1
97,559,193946,"Jazz Club Bouncer",2
98,559,1446719,"Photoshoot Client",0
99,559,1781308,"Businessman (uncredited)",0
100,559,1781309,"Theater Attendee (uncredited)",0
101,559,1781310,"Pedestrian (uncredited)",0
102,559,1781311,"I.C.U Nurse (uncredited)",1
103,559,1653331,"NYPD Officer (uncredited)",2
104,559,1781312,"Model (uncredited)",1
105,559,111243,"Bucket Boy (uncredited)",2
106,559,1781313,"News Reporter (uncredited)",1
107,559,1781194,"Photographer (uncredited)",0
108,559,1781318,"Rescued Girl (uncredited)",1
109,559,454223,"Photographer (uncredited)",0
110,559,232042,"Jazz Club Waitress (uncredited)",1
111,559,1496942,"Theater Patron (uncredited)",0
112,559,1209717,"Jazz Club Girl (uncredited)",1
113,559,1781325,"Columbia Grad Student (uncredited)",1
114,559,1509622,"New York City Commuter / Driver (uncredited)",2
115,559,1610271,"Girl at Key Ceremony (uncredited)",1
116,559,1781326,"Pedestrian (uncredited)",0
117,559,1781199,"A Spidey Kid (uncredited)",1
118,559,1781205,"A Spidey Kid (uncredited)",1
119,559,1781217,"A Spidey Kid (uncredited)",1
120,559,1781327,"Businessman (uncredited)",0
121,559,1636759,"Automobile Driver (uncredited)",0
122,559,1781328,"Spectator (uncredited)",0
123,559,1781329,"News Spectator (uncredited)",0
124,559,1781330,"Funeral Limo Driver (uncredited)",0
125,559,1639432,"News Reporter (uncredited)",0
126,559,1781331,"Cop (uncredited)",0
127,559,1781332,"Female New Yorker (uncredited)",1
128,559,1316667,"Jazz Club Bouncer (uncredited)",0
129,559,105632,"Girl at Key Ceremony (uncredited)",1
130,559,1781333,"Student (uncredited)",0
131,559,1292243,"ER Nurse (uncredited)",1
132,559,1781334,"Dog Walker (uncredited)",1
133,559,1752230,"Observer (uncredited)",0
134,559,1781221,"Businesswoman (uncredited)",1
135,559,570374,"Woman in Court (uncredited)",1
136,559,1246221,"British Publicist (uncredited)",1
137,559,1781344,"Shocked Pedestrian (uncredited)",1
138,559,1781345,"Journalist (uncredited)",1
139,559,1781346,"Girl Screaming in Camaro (uncredited)",1
140,559,1781347,"Kid in Times Square (uncredited)",0
141,559,163930,"Oscorp Receptionist (uncredited)",1
142,559,1781348,"Girl in Times Square (uncredited)",1
143,559,1697017,"Robbie's Assistant (uncredited)",1
144,559,1781349,"Theatergoer (uncredited)",0
145,559,1480150,"Businessman (uncredited)",0
146,559,1178562,"Beautiful Girl (uncredited)",1
147,559,1344665,"Beautiful Woman (uncredited)",1
148,559,118389,"Police Officer (uncredited)",0
149,559,1781350,"Beautiful Woman (uncredited)",1
150,559,1781351,"Beautiful Woman (uncredited)",0
151,559,60127,"Businesswoman (uncredited)",1
152,559,1781352,"Pedestrian (uncredited)",0
153,559,1422991,"Sandman Victim (uncredited)",1
154,559,106147,"Bad Girl (uncredited)",1
155,559,1691382,"City Hall Cheerer (uncredited)",0
156,559,1781353,"Guy with Ticket (uncredited)",0
157,559,1367833,"Jazz Club Beatnik (uncredited)",0
158,559,1781354,"Jazz Club Guest (uncredited)",0
159,559,1781355,"Cafu00e9 Girl (uncredited)",1
160,559,1781356,"Jazz Club Patron (uncredited)",1
161,559,1340943,"Jazz Club Waitress (uncredited)",1
162,559,211964,"Firefighter (uncredited)",0
163,559,1781358,"Police Officer (uncredited)",0
164,559,1778304,"Broadway Audience Member (uncredited)",0
165,559,1781359,"Jazz Club Musician (uncredited)",0
166,559,1781360,"Girl in Cab (uncredited)",1
167,559,1454306,"Model (uncredited)",1
168,559,1781361,"Hot Girl (uncredited)",0
169,559,1781362,"Beautiful Woman (uncredited)",1
170,559,1781365,"Bar Patron #5 (uncredited)",0
171,559,1614425,"Model (uncredited)",1
172,559,567242,"Model (uncredited)",0
173,559,1781366,"Student (uncredited)",0
174,559,1781368,"Restaurant Patron (uncredited)",0
175,559,1225878,"ER Nurse (uncredited)",1
176,559,1781371,"City Hall Cheerer (uncredited)",0
177,559,1368459,"Spectator (uncredited)",2
178,767,10980,"Harry Potter",2
179,767,10989,"Ron Weasley",2
180,767,10990,"Hermione Granger",1
181,767,10993,"Draco Malfoy",2
182,767,5658,"Albus Dumbledore",2
183,767,388,"Horace Slughorn",2
184,767,1283,"Bellatrix Lestrange",1
185,767,1923,"Rubeus Hagrid",2
186,767,10978,"Minerva McGonagall",1
187,767,4566,"Severus Snape",2
188,767,9191,"Peter Pettigrew",2
189,767,11207,"Remus Lupin",2
190,767,477,"Molly Weasley",1
191,767,96841,"Neville Longbottom",2
192,767,140367,"Luna Lovegood",1
193,767,10991,"Ginny Weasley",1
194,767,140368,"George Weasley",2
195,767,96851,"Fred Weasley",2
196,767,20999,"Arthur Weasley",2
197,767,11184,"Filius Flitwick",2
198,767,3300,"Nymphadora Tonks",1
199,767,234933,"Cho Chang",1
200,767,60348,"Fenrir Greyback",2
201,767,10988,"Lily Potter",1
202,767,15737,"Narcissa Malfoy",1
203,767,234934,"Cormac McLaggen",2
204,767,11180,"Argus Filch",2
205,767,964834,"Tom Riddle (16 Years)",2
206,767,1114487,"Tom Riddle (11 Years)",0
207,767,9138,"Poppy Pomfrey",1
208,767,234926,"Padma Patil",1
209,767,234925,"Parvati Patil",0
210,767,174398,"Katie Bell",1
211,767,234922,"Seamus Finnigan",2
212,767,234929,"Romilda Vane",1
213,767,11212,"Gregory Goyle",2
214,767,956224,"Vincent Crabbe",2
215,767,234928,"Pansy Parkinson",1
216,767,234924,"Lavender Brown",1
217,767,234927,"Blaise Zabini",0
218,767,234923,"Dean Thomas",0
219,767,1796454,"Marcus Belby",0
220,767,568374,"Nigel Wolpert",0
221,767,52888,"Eldred Worple",2
222,767,234930,Leanne,0
223,767,202032,"Amycus Carrow",2
224,767,568378,"Alecto Carrow",1
225,767,234919,"Thorfinn Rowle",2
226,767,89387,Waitress,0
227,1452,17271,"Superman / Clark Kent",2
228,1452,1979,"Lex Luthor",2
229,1452,7517,"Lois Lane",1
230,1452,11006,"Richard White",2
231,1452,7489,"Kitty Kowalski",1
232,1452,8924,"Perry White",2
233,1452,53492,"Jimmy Olsen",0
234,1452,2639,"Martha Kent",1
235,1452,3084,Jor-El,2
236,1452,53493,Stanford,2
237,1452,53494,"Jason White",2
238,1452,41318,Brutus,2
239,1452,1224391,Riley,0
240,1452,1272955,Grant,0
241,1452,193763,"Bo the Bartender",2
242,1452,243805,"Gertrude Vanderworth",1
243,1452,1252837,"Boy with Camera",2
244,1452,971458,"Little Girl",1
245,58,85,"Captain Jack Sparrow",2
246,58,114,"Will Turner",2
247,58,116,"Elizabeth Swann",1
248,58,1640,"William Bootstrap Bill Turner",2
249,58,2440,"Captain Davy Jones",2
250,58,1709,"James Norrington",2
251,58,2449,"Joshamee Gibbs",2
252,58,378,"Governor Weatherby Swann",2
253,58,1710,Pintel,2
254,58,1711,Ragetti,2
255,58,2441,"Lord Cutler Beckett",2
256,58,2038,"Tia Dalma",1
257,58,1715,Cotton,2
258,58,4030,Marty,2
259,58,939,"Ian Mercer",0
260,58,2451,"Captain Bellamy",2
261,58,118,"Captain Hector Barbossa",2
262,58,191751,Maccus,2
263,58,1123,Clanker,0
264,58,11283,Koleniko,2
265,58,22075,Headless,2
266,58,64102,"Jimmy Legs",2
267,58,1229277,Ogilvey,0
268,58,140452,Burser,0
269,58,10960,"Burser - Edinburgh",2
270,58,25441,"Quartermaster - Edinburgh",2
271,58,2450,Scarlet,1
272,58,2452,Giselle,1
273,58,82636,"Frightened Sailor",2
274,58,1254626,"Black Pearl Pirate",2
275,58,429401,Ho-Kwan,2
276,58,1056117,"Penrod (uncredited)",2
277,58,21700,"Cotton's Parrot (voice)",2
278,2454,25130,"Prince Caspian",2
279,2454,5528,"Peter Pevensie",2
280,2454,5529,"Susan Pevensie",1
281,2454,5527,"Edmund Pevensie",2
282,2454,5526,"Lucy Pevensie",1
283,2454,2166,"King Miraz",2
284,2454,25132,"Queen Prunaprismia",1
285,2454,22970,Trumpkin,2
286,2454,11184,Nikabrik,2
287,2454,25133,"Doktor Cornelius",2
288,2454,17839,"Lord Glozell",2
289,2454,7370,"Lord Sopespian",2
290,2454,24496,"Lord Scythley",2
291,2454,12044,"Lord Donnon",2
292,2454,25134,Asterius,2
293,2454,25135,Glenstorm,2
294,2454,3896,"Aslan (voice)",2
295,2454,25136,Tru00fcffelju00e4ger,2
296,2454,3063,"White Witch",1
297,2454,1926,Reepicheep,2
298,2454,107943,Hag,1
299,1865,85,"Captain Jack Sparrow",2
300,1865,955,"Angelica Teach",1
301,1865,6972,"Captain Edward Blackbeard Teach",2
302,1865,2449,"Joshamee Gibbs",2
303,1865,118,"Captain Hector Barbossa",2
304,1865,237455,"Philip Swift",2
305,1865,469759,Syrena,0
306,1865,1115,Scrum,2
307,1865,4031,"Lieutenant Theodore Groves",2
308,1865,1712,"Lieutenant Gillette",0
309,1865,59129,"The Spaniard",2
310,1865,10983,"King George II",2
311,1865,1430,"Captain Teague Sparrow",2
312,1865,55901,Tamara,0
313,1865,5309,"High Society Lady",1
314,1865,199975,Quartermaster,2
315,1865,88392,"Cabin Boy",2
316,1865,8399,Ezekiel,2
317,1865,77955,Garheng,2
318,1865,83814,Purser,2
319,1865,75076,Cook,2
320,1865,51300,Master-at-Arms,2
321,1865,58758,Gunner,2
322,1865,229634,"King Ferdinand of the Spanish Empire",2
323,1865,27397,"John Carteret",2
324,1865,11279,"Prime Minister Henry Pelham",2
325,1865,110075,Salaman,2
326,1865,1321379,Derrick,2
327,1865,1310385,Yeoman,0
328,1865,1797040,"Justice Smith",0
329,1865,214581,"Captain of the Guard",2
330,1865,1331023,"English Girl",1
331,1865,1770474,Mermaid,0
332,1865,1269611,"Queen Anne's Pirate (uncredited)",2
333,1865,1770475,"British Sailor (uncredited)",0
334,1930,37625,"Peter Parker / Spider-Man",2
335,1930,54693,"Gwen Stacy",1
336,1930,7026,"Dr. Curt Connors / The Lizard",2
337,1930,5724,"Captain Stacy",2
338,1930,55152,"Richard Parker",2
339,1930,76793,"Rajit Ratha",2
340,1930,8349,"Uncle Ben",2
341,1930,35,"Aunt May",1
342,1930,558928,"Peter Parker (Age 4)",2
343,1930,231547,"Flash Thompson",2
344,1930,6368,"Mary Parker",1
345,1930,1111328,"Cash Register Thief",2
346,1930,59261,"Missy Kallenback",1
347,1930,205976,"Sally Avril",1
348,1930,2878,"Jack's Father",2
349,1930,7624,"School Librarian",2
350,1930,9289,"Man in the Shadows",2
351,1930,20582,"Alfie (uncredited)",2
352,1930,156989,"Helen Stacy",2
353,1930,1424715,"Philip Stacy",2
354,1930,61263,"Howard Stacy",2
355,1930,930322,"Simon Stacy",2
356,1930,1315833,Jack,0
357,1930,91658,"Mr. Cramer",2
358,1930,157146,"Miss Ritter",1
359,1930,96753,"Nicky's Girlfriend",1
360,1930,1338023,"Store Clerk",0
361,1930,1232365,Gordon,0
362,1930,1338034,"Physics Nerd",0
363,1930,1338061,"Physics Nerd",0
364,1930,1338215,Nicky,0
365,1930,15318,"Car Thief",2
366,1930,66668,"Car Thief Cop",0
367,1930,932116,"Police Officer",2
368,1930,979075,"Officer (SWAT)",2
369,1930,58510,"Newscaster (News Chopper)",2
370,1930,118494,Receptionist,1
371,1930,1183671,"OsCorp Intern",2
372,1930,1657618,"Rodrigo Guevara",2
373,1930,1983,"Construction Worker",2
374,1930,1477809,"Taxi Driver",2
375,1930,1236007,"Police Officer with Sketch",2
376,1930,68430,"Sheila (Subway)",1
377,1930,14050,"Subway Guy",2
378,1930,1219576,Principal,2
379,1930,63470,"Second Girl (Subway)",1
380,1930,1187106,Ariel,1
381,1930,1059597,"Gossip Girl (uncredited)",1
382,1930,1657635,"Science Teacher (uncredited)",1
383,1930,1355105,"Scientist (uncredited)",2
384,1930,63280,"Lab Technician (uncredited)",2
385,1930,984614,"Billy Connors (uncredited)",2
386,1930,1657642,"Cheerleader (uncredited)",1
387,1930,167263,"Goth Girl (uncredited)",1
388,1930,1657643,"Tina (uncredited)",1
389,1930,1499460,"Pedestrian (uncredited)",1
390,1930,1265835,"Oscorp Intern (uncredited)",1
391,2268,45589,"Lyra Belacqua",1
392,2268,2227,"Marisa Coulter",1
393,2268,8784,"Lord Asriel",2
394,2268,16431,"Lee Scoresby",2
395,2268,10912,"Serafina Pekkala",1
396,2268,1281,"Pantalaimon (voice)",2
397,2268,1327,"Iorek Byrnison (voice)",2
398,2268,45585,"Roger Parslow",2
399,2268,6972,"Ragnar Sturlusson (voice)",2
400,2268,5470,"Stelmania (voice)",1
401,2268,8534,"Hester (voice)",1
402,2268,20070,"John Faa",2
403,2268,14011,"Farder Coram",2
404,2268,113,"First High Councilor",2
405,2268,16358,"Fra Pavel",0
406,2268,45587,Master,2
407,2268,45586,"Mrs. Lonsdale",1
408,2268,937,"Magisterial Emissary",2
409,2268,45588,"Ma Coster",1
410,2268,142389,"Billy Costa",2
411,2268,1815740,"Tony Costa",0
412,2268,28959,"Kerim Costa",0
413,2268,1411061,"Jaxer Costa",0
414,2268,56103,"Sister Clara",1
415,2268,63608,"Bolvangar Official",2
416,2268,1075144,"Second in Command",0
417,2268,1563381,Gobbler,0
418,2268,1132749,Gobbler,2
419,2268,1105459,Witch,0
420,254,3489,"Ann Darrow",1
421,254,70851,"Carl Denham",2
422,254,3490,"Jack Driscoll",2
423,254,3491,"Captain Englehorn",2
424,254,3492,Preston,2
425,254,1333,"Kong / Lumpy",2
426,254,3493,Hayes,2
427,254,478,Jimmy,2
428,254,3494,Choy,2
429,254,3495,Herb,2
430,254,3496,Mike,2
431,254,3497,"Bruce Baxter",2
432,254,1166385,Manny,0
433,254,3541,Weston,2
434,254,81877,Harry,2
435,254,1047942,Maude,0
436,254,107754,Taps,2
437,254,214979,Zelman,2
438,254,199432,"Thuggish Executive",2
439,254,181186,"Sleazy Executive",0
440,254,1504590,"Studio Guy's Assistant",0
441,254,1205488,"Young Assistant",0
442,254,75892,"Fruit Vendor",2
443,254,173451,"Venture Crew",0
444,254,1097645,"Venture Crew",2
445,254,1169229,"Venture Crew",0
446,254,1064428,"Venture Crew",0
447,254,173539,"Venture Crew",0
448,254,1504591,"Venture Crew",0
449,254,75950,"Venture Crew",0
450,254,73889,"Venture Crew",2
451,254,173569,"Old Security Guard",2
452,254,1670104,"Hooverville Child",0
453,597,204,"Rose DeWitt Bukater",1
454,597,6193,"Jack Dawson",2
455,597,3713,"Ruth Dewitt Bukater",1
456,597,1954,"Caledon 'Cal' Hockley",2
457,597,8534,"Molly Brown",1
458,597,8535,"Old Rose",1
459,597,2053,"Brock Lovett",2
460,597,1369,"Captain Edward James Smith",2
461,597,2076,"Spicer Lovejoy",2
462,597,8536,"Thomas Andrews",2
463,597,8537,"Bruce Ismay",2
464,597,2179,"Lizzy Calvert",1
465,597,8538,"Lewis Bodine",0
466,597,8539,"Bobby Buell",2
467,597,8540,Fabrizio,2
468,597,8541,"Tommy Ryan",2
469,597,8543,"Isidor Straus",2
470,597,8544,"John Jacob Astor IV",2
471,597,8545,"Col. Archibald Gracie",2
472,597,3071,"1st Officer Murdoch",2
473,597,65524,"Fifth Officer Lowe",2
474,597,8547,"2nd Officer Lightoller",2
475,597,8548,"6th Officer Moody",0
476,597,8549,"Frederick Fleet",2
477,597,8550,"Reginald Lee",0
478,597,8551,"Jack Phillips",2
479,597,8552,"Cora Cartmell",1
480,597,8553,"Slovakian 3 Year Old Boy",2
481,597,1080265,"Benjamin Guggenheim",0
482,597,93215,"Anatoly Milkailavich",0
483,597,1054325,"Slovakian Father",2
484,597,41266,"Chief Officer Wilde",2
485,597,26863,"Quartermaster Rowe",2
486,597,1256066,"Quartermaster Hichens",0
487,597,63141,"Master at Arms",2
488,597,55957,"Madeleine Astor",1
489,597,1697673,"Madame Aubert",1
490,597,3981,"Irish Mommy",1
491,597,230727,"Helga Dahl",1
492,597,1741441,"3rd Class Woman",1
493,597,1741443,"Trudy Bolt",1
494,597,126363,"Sir Duff Gordon",2
495,597,29796,"Lady Duff Gordon",1
496,597,1359176,"Countess of Rothes",1
497,597,1741450,"Wallace Hartley",0
498,597,1597443,"Irish Man",0
499,597,40740,"Bert Cartmell",2
500,597,1451680,"Harold Bride",0
501,597,1741459,"Chief Baker Joughin",0
502,597,142325,"4th Officer Boxhall",0
503,597,178557,"Father Byles",0
504,597,172280,"Ida Strauss",1
505,597,1741663,"Irish Little Boy",0
506,597,1741664,"Irish Little Girl",0
507,597,1227544,Yaley,0
508,597,131833,"1st Class Husband",2
509,597,1106167,"Chief Engineer Bell",0
510,597,97436,"Leading Stoker Barrett",2
511,597,1741665,"Carpenter John Hutchinson",0
512,597,1398372,"Elevator Operator",0
513,597,1741666,"Scotland Road Steward",0
514,597,40695,Crewman,0
515,597,158662,"1st Class Waiter",2
516,597,1741667,"Steward #1",0
517,597,1228858,"Steward #2",0
518,597,1741669,"Steward #3",0
519,597,1520024,"Steward #4",2
520,597,592618,"Hold Steward #1",0
521,597,1237642,"Hold Steward #2",0
522,597,1693876,"1st Class Steward",0
523,597,930944,"Stairwell Steward",2
524,597,1330728,"Steward Barnes",0
525,597,1338541,Porter,0
526,597,157989,Porter,2
527,597,157989,"Olaf Dahl",2
528,597,1741673,"Bjorn Gunderson",0
529,597,1741675,"Olaus Gunderson",0
530,597,72742,"Praying Man",2
531,597,1741678,"Man in Water",0
532,597,944614,"Mother at Stern",1
533,597,42198,Woman,1
534,597,1402008,"Woman in Water",1
535,597,1741688,"Syrian Man",0
536,597,1741689,"Syrian Woman",1
537,597,30148,"Chinese Man",0
538,597,1741690,Olaf,0
539,597,1741691,Sven,0
540,597,42290,Pubkeeper,2
541,597,4031,"Carpathia Steward",2
542,597,1233436,"News Reporter",1
543,597,1741692,Dancer,0
544,597,1741693,Dancer,1
545,597,1741694,Dancer,0
546,597,29214,Dancer,1
547,597,1741697,Dancer,0
548,597,1367898,Dancer,0
549,597,1028668,Dancer,2
550,597,1741700,Dancer,0
551,597,1741701,Dancer,1
552,597,42286,Dancer,1
553,597,1741707,"Noble Sailor",0
554,597,1741709,"Tea Room Girl",1
555,597,146182,"1st Class Woman",1
556,597,2134,"Musician / Baker",2
557,597,2710,"Steerage Dancer",2
558,597,1639429,"1st Class Man",0
559,597,1741717,"Victor Giglio",0
560,597,1741718,"Titanic Crewmember",0
561,597,75804,"3rd Officer Pitman",2
562,597,1741719,"Douglas Spedden",0
563,597,1741720,"1st Class Passenger / Praying Man",0
564,597,1741721,"The Promenade Steward",0
565,597,1337466,Deckhand,0
566,597,1741722,Passenger,0
567,597,1741723,Waiter,0
568,597,1741724,"2nd Class Passenger",0
569,597,1741725,Seaman,0
570,597,1741726,Seaman,0
571,597,2472,"Leading Stroker Charles Hendrickson",2
572,597,1741727,"2nd Class Passenger",0
573,597,1741728,"Rich Man",0
574,597,1029818,"Frederick Spedden",0
575,597,63423,"Rescue Boat Crewman",2
576,597,1741729,"2nd Class Passenger / Engine Room Crewman",0
577,597,1190237,"First Class Passenger",1
578,597,1730068,"Engine Room Crewman",0
579,597,1741737,"Engineering Officer",0
580,597,1275173,"Button Accordionist",0
581,597,1741739,"Praying Woman",1
582,597,93214,"Engine Room Crewman",2
583,597,11670,"Mary Marvin",1
584,597,1741740,"Ohio Man",0
585,597,1741741,"1st Class Dining Room Steward",0
586,597,1741742,"Drowning Man",0
587,597,1741743,"Man Being Combed for Lice",0
588,597,1741744,"Kissing Couple",1
589,558,2219,"Peter Parker / Spider-Man",2
590,558,205,"Mary Jane Watson",1
591,558,17051,"Harry Osborn",2
592,558,658,"Dr. Otto Octavius / Doctor Octopus",2
593,558,18998,"May Parker",1
594,558,2517,"Rosalie Octavius",1
595,558,18999,"J. Jonah Jameson",2
596,558,19154,"John Jameson",2
597,558,19152,"Dr. Curt Connors",2
598,558,5293,"Norman Osborn / Green Goblin",2
599,558,20645,Ursula,1
600,558,11357,"Snooty Usher",2
601,558,7624,"Man Dodging Debris",2
602,558,11641,"Man on Balcony",2
603,558,74949,"Mr. Jacks",2
604,558,75316,"Elevator Passenger",0
605,558,115218,"Pizza 'Heist' Witness",2
606,558,25933,Receptionist,1
607,558,9281,"Miss Brant",1
608,558,18307,Raymond,2
609,558,20644,"Mr. Aziz",2
610,558,75309,"Train Passenger",2
611,558,20491,Louise,1
612,558,52847,"Woman at Web",1
613,558,4610,Doctor,2
614,558,31549,"Train Passenger (uncredited)",2
615,558,17179,"Dr. Davis",2
616,558,11769,Hoffman,2
617,558,19153,"Ben Parker",0
618,558,2368,"Mr. Ditkovich",2
619,558,5502,"Joseph 'Robbie' Robertson",2
620,558,15011,"Garbage Man",2
621,558,9047,"Mrs. Jameson",1
622,558,19326,Houseman,0
623,558,59846,"Skeptical Scientist",1
624,558,19489,"OsCorp Representative",2
625,558,3218,"Poker Player",2
626,558,62646,"Amazed Kid",2
627,558,31508,Algernon,2
628,558,1217576,"Theater Traffic Cop",0
629,558,27688,Jack,0
630,558,1051811,"Clawing Nurse",0
631,558,52271,"Train Passenger",1
632,558,54635,"Train Conductor",0
633,558,11750,"Train Passenger",0
634,558,11766,"Train Passenger",0
635,558,109180,"Train Passenger",2
636,558,54586,"Society Woman",1
637,558,1214542,"Dr. Isaacs",2
638,558,1252313,"Amazed Kid",0
639,558,1355926,"Mrs. Watson",1
640,558,188728,"Injured Scientist",2
641,558,64373,Violinist,0
642,558,1735986,Fireman,0
643,558,13029,"Woman at Fire",0
644,558,60925,"Screaming Nurse",0
645,558,1279729,"Chainsaw Doctor",0
646,558,147592,"Train Passenger",0
647,558,152939,"Train Passenger",2
648,558,1090378,"Train Passenger",0
649,558,90558,"Train Passenger",0
650,558,1278367,"Boomer (uncredited)",0
651,558,138028,"Pizza Man (uncredited)",0
652,558,1498435,"Fireman 2 (uncredited)",0
653,558,1431984,"Piano Player in Planetarium (uncredited)",0
654,558,1254435,"Little Girl Playing on Steps (uncredited)",1
655,558,92729,"Little Boy Playing on Steps (uncredited)",0
656,558,1409953,"Blue Collar Guy (uncredited)",0
657,558,954650,"Pedestrian (uncredited)",2
658,558,66579,"Screaming Woman (uncredited)",1
659,558,1378546,"Columbia University Student (uncredited)",0
660,558,1346430,"Man at Web (uncredited)",0
661,558,1500999,"Pedestrian (uncredited)",0
662,558,956198,"Bearded Doctor (uncredited)",2
663,558,1647723,"NYPD Officer (uncredited)",2
664,558,58619,"Chinese Daughter (uncredited)",1
665,8373,10959,"Sam Witwicky",2
666,8373,19537,"Mikaela Banes",1
667,8373,19536,"Captain Lennox",2
668,8373,11678,"College Professor",2
669,8373,8169,"USAF Tech Sergeant Epps",2
670,8373,1241,"Agent Simmons",2
671,8373,14721,"Ron Witwicky",0
672,8373,24305,"Judy Witwicky",1
673,8373,72985,"Leo Spitz",2
674,8373,103554,Alice,1
675,8373,12797,"General Morshower",2
676,8373,1331,"Megatron (voice)",2
677,8373,141956,"Commander, US Central Command",0
678,8373,19540,"Optimus Prime (voice)",2
679,8373,1749473,"Diego Garcia Soldier",0
680,8373,108253,"April the Resident Assistant",1
681,8373,19541,"Jetfire (voice)",2
682,8373,117187,"Mudflap (voice)",2
683,8373,84495,"Ironhide (voice)",2
684,8373,2962,"Ratchet (voice)",2
685,8373,177588,"Sideswipe (voice)",0
686,8373,15761,"Arcee (voice)",1
687,8373,19384,"Fallen (voice)",2
688,8373,81178,"Starscream (voice)",2
689,8373,15831,"Soundwave / Devastator / Reedman / Grindor (voice)",2
690,8373,78798,"Wheelie / Skids (voice)",2
691,8373,1508409,"Wheelbot (voice)",0
692,8373,110636,"Doctor (voice)",0
693,8373,13919,"Prime #1 (voice)",2
694,8373,24362,"Prime #2 / Skipjack / Rampage (voice)",2
695,8373,130081,"Prime #3 (voice)",2
696,8373,183507,Aide,2
697,8373,78434,"Frisbee Girl",1
698,8373,20582,Cal,2
699,8373,67206,"Special Air Service Forces",2
700,8373,12793,"Special Air Service Forces",2
701,8373,1295,"Egyptian Guard",2
702,534,3894,"John Connor",2
703,534,65731,"Marcus Wright",2
704,534,21028,"Kyle Reese",2
705,534,56455,"Blair Williams",1
706,534,18997,"Kate Connor",1
707,534,1283,Serena,1
708,534,4238,Barnes,0
709,534,76542,"Prototype T-800",2
710,534,11086,"General Ashdown",2
711,534,13724,Virginia,1
712,534,76543,Morrison,2
713,534,76544,Richter,0
714,534,213753,Star,1
715,534,1039678,"Soldier #1",2
716,534,1100,"The Terminator",2
717,9543,131,"Prince Dastan",2
718,9543,59620,Tamina,1
719,9543,2282,Nizam,2
720,9543,658,"Sheik Amar",2
721,9543,55412,Seso,2
722,9543,20286,Garsiv,2
723,9543,52890,Tus,2
724,9543,32556,"King Sharaman",2
725,9543,54810,Bis,0
726,9543,587354,"Hassansin Leader",2
727,9543,15913,"Hassansin Porcupine",0
728,9543,169691,"Hassansin Whip Man",0
729,9543,1327299,"Tamina's Maid Servant",0
730,217,3,"Indiana Jones",2
731,217,112,"Irina Spalko",1
732,217,10959,"Mutt Williams",2
733,217,5538,"'Mac' George Michale",2
734,217,650,"Marion Ravenwood",1
735,217,5049,"Professor Oxley",2
736,217,388,"Dean Charles Stanforth",2
737,217,36218,"Russian Soldier",2
738,217,52761,Dovchenko,2
739,217,52762,"Russian Soldier",2
740,217,52760,"General Ross",2
741,217,58210,"Cemetery Warrior",2
742,217,173269,"Russian Suit",2
743,217,109667,"Russian Suit",2
744,217,1133682,"Russian Soldier",0
745,217,1427626,"Russian Soldier",0
746,217,155978,Taylor,2
747,217,43776,Smith,2
748,217,122596,Minister,0
749,217,1421688,"Student in Library",0
750,217,1427682,Letterman,2
751,217,1427688,Letterman,0
752,217,8700,Slugger,0
753,217,1427692,"Diner Waitress",0
754,217,1427695,"Malt Shop Teen",0
755,217,1427698,"College Brawler",0
756,217,1365062,"College Brawler",0
757,217,1427700,"Teenage Boy",0
758,217,1058026,"Teenage Girl",0
759,217,204408,"Teenage Girl",0
760,217,1031791,"Fast Speaking Inmate",0
761,217,1427707,"Shouting Inmate",0
762,217,1427708,"Sanitarium Nun",0
763,217,1427711,"Cemetery Warrior",0
764,217,1427715,"Cave Warrior",0
765,217,1427716,"M.P. in Guard Hut",0
766,217,21723,"M.P. Sergeant",2
767,217,1656530,"College Student (uncredited)",0
768,5174,66,"Det. James Carter",2
769,5174,18897,"Chief Insp. Lee",2
770,5174,9195,Kenji,0
771,5174,2201,"Varden Reynard",2
772,5174,2245,George,2
773,5174,3556,"Det. Revi",2
774,5174,41894,"Soo Yung",0
775,5174,4492,"Capt. William Diel",2
776,5174,145633,Genevieve,1
777,5174,164945,"Zoe (uncredited)",1
778,5174,16145,"Dragon Lady",1
779,5174,21629,"Ambassador Han",2
780,5174,13314,"Sister Agnes",1
781,5174,39829,"Master Yu",2
782,5174,215130,Marsha,0
783,5174,21631,"Chinese Foreign Minister",0
784,5174,554599,"French Assassin",0
785,5174,1577430,"Dressing Room Girl",1
786,411,5528,"Peter Pevensie",2
787,411,5529,"Susan Pevensie",1
788,411,5527,"Edmund Pevensie",2
789,411,5526,"Lucy Pevensie",1
790,411,3896,"Aslan (voice)",2
791,411,3063,"White Witch",1
792,411,5530,"Mr. Tumnus, the Faun",2
793,411,388,"Professor Kirke",2
794,411,5531,Ginarrbrik,2
795,411,2467,"Father Christmas",2
796,411,5532,"Mrs. Pevensie",1
797,411,5533,"Mrs. MacReady",1
798,411,5534,Oreius,2
799,411,5535,"Older Lucy",0
800,411,5536,"Older Edmund",0
801,411,2050,"Older Peter",2
802,411,5537,"Older Susan",1
803,411,5538,"Mr. Beaver",2
804,411,5539,"Mrs. Beaver",1
805,411,4757,Fox,2
806,411,5540,Gryphon,0
807,411,5541,"Philip the Horse (voice)",2
808,411,5542,Wolf,0
809,411,147,Maugrim,2
810,155,3894,"Bruce Wayne",2
811,155,1810,Joker,2
812,155,6383,"Harvey Dent",2
813,155,3895,Alfred,2
814,155,1579,Rachel,1
815,155,64,Gordon,2
816,155,192,"Lucius Fox",2
817,155,53651,Ramirez,1
818,155,57597,Wuertz,2
819,155,2037,Scarecrow,2
820,155,101015,Lau,2
821,155,21316,Mayor,2
822,155,21315,Maroni,2
823,155,13939,Chechen,2
824,155,1904,Engel,2
825,155,87957,Stephens,2
826,155,128386,Loeb,2
827,155,34544,Reese,2
828,155,58692,"Barbara Gordon",0
829,155,18052,"James Gordon",2
830,155,1052875,Rossi,2
831,155,1196130,Dopey,0
832,155,1334139,Happy,0
833,155,64856,Gambol,2
834,155,16477,Grumpy,2
835,155,1208967,Chuckles,0
836,155,886,"Bank Manager",2
837,155,1056090,"Drug Dealer",0
838,155,1870607,"Drug Buyer",0
839,155,1870608,Junkie,0
840,155,101014,Natascha,1
841,155,24595,"Crime Boss",2
842,155,20372,"LSI VP",0
843,155,1522073,"Judge Surrillo",0
844,155,1870609,Brian,0
845,155,1870610,"Man No. 1",0
846,155,1840452,"Man No. 2",0
847,155,1226696,"Assistant DA",0
848,155,1870611,"Thug at Party",0
849,155,853194,"Gentleman at Party",2
850,155,1526574,"Male Guest",0
851,155,1870612,"Female Guest",0
852,155,1424043,"Judge Freel",0
853,155,1220201,"Maroni's Mistress",1
854,155,147895,"Gambol's Bodyguard (as Chucky Venn)",0
855,155,1195758,"Gambol's Bodyguard (as Winston Ellis)",0
856,155,83854,"Joker's Thug",2
857,155,1870613,Reporter,0
858,155,1313093,Heckler,0
859,155,1678566,"Cop Heckler",0
860,155,176227,"Acting Commissioner",2
861,155,1870614,"Officer at Intersection",0
862,155,1870615,"Convoy Leader",0
863,155,1870616,"Fat Thug",0
864,155,1128854,Murphy,0
865,155,29617,"Cop with Fat Thug",2
866,155,1781739,Medic,0
867,155,26669,"Cop at 250 52nd St.",2
868,155,1631707,Nurse,0
869,155,143328,Polk,2
870,155,1464854,Berg,0
871,155,1870623,"Cop at Hospital",0
872,155,1870620,Bartender,0
873,155,1624910,Civilian,2
874,155,78047,"First Mate",2
875,155,47525,"Prison Ferry Pilot",2
876,155,1238461,"Guard Commander",0
877,155,1232399,Businessman,0
878,155,1661772,Mother,0
879,155,122345,Passenger,0
880,155,1215332,Passenger,0
881,155,209990,Passenger,0
882,155,139946,Passenger,1
883,155,1070855,Passenger,0
884,155,1674439,"SWAT Sniper",2
885,155,1870625,"SWAT Leader",0
886,155,141770,"Prisoner on Ferry",2
887,155,8396,"Tattooed Prisoner",2
888,155,1394354,"Reporter #3",0
889,155,29616,Evans,2
890,155,1870627,"Honor Guard Man",0
891,155,170230,"Uniform Cop",2
892,155,75076,"Bounty Hunter",2
893,155,971049,"Bounty Hunter",2
894,155,1870629,"Fox's Secretary",0
895,155,119414,"Passenger Ferry Pilot",2
896,155,1870631,Guardsman,0
897,155,1655526,Warden,0
898,155,95716,"Corrections Officer",0
899,155,1122545,Prisoner,0
900,155,578699,Prisoner,0
901,155,126316,Prisoner,0
902,155,1132153,Prisoner,2
903,155,1599260,"Hong Kong Detective",2
904,155,1870636,"Honor Guard Leader",0
905,155,1870637,"Gordon's Daughter",0
906,155,1870638,"Armored Car SWAT",0
907,155,1161711,"Waiter (uncredited)",0
908,155,580566,"Bank Patron (uncredited)",0
909,155,1128275,"Party Guest (uncredited)",0
910,155,1185594,"Party Guest with Glass (uncredited)",0
911,155,1197335,"Party Guest (uncredited)",0
912,155,1552999,"Lau Henchman (uncredited)",0
913,155,1192165,"Paramedic (uncredited)",1
914,155,1131169,"Chechen Gangster (uncredited)",0
915,155,580567,"Press Conference Heckler (uncredited)",0
916,155,228305,"Pedestrian (uncredited)",0
917,155,1392731,"Ferry Passenger (uncredited)",1
918,155,593182,"Police Officer (uncredited)",0
919,155,1086373,"Prisoner (uncredited)",0
920,155,1207205,"Immigrant Ferry Passenger (uncredited)",0
921,155,18070,"Shotgun SWAT (uncredited)",2
922,155,580560,"Parade Police Officer (uncredited)",0
923,155,505400,"Maroni's Henchman (uncredited)",0
924,155,1058964,"Assistant D.A. (uncredited)",0
925,155,1261397,"Police Sgt. Spellman / Gotham Bomb Squad (uncredited)",0
926,155,1551776,"Helicopter SWAT Sniper (uncredited)",0
927,155,1111803,"Ferry Passenger (uncredited)",2
928,155,1360008,"Officer (uncredited)",2
929,155,1426334,"Joker's Thug #2 (uncredited)",0
930,155,30450,"Prisoner (uncredited)",2
931,155,1209046,"Party Guest (uncredited)",0
932,155,1058963,"Angry Hospital Relative (uncredited)",0
933,155,98994,"Evacuee (uncredited)",0
934,155,1108073,"High-Ranking Police Official (uncredited)",0
935,155,1185600,"Extra (uncredited)",0
936,155,1209051,"Dept. of Corrections Resident (uncredited)",0
937,155,99223,"Detective (uncredited)",0
938,155,79810,"Police Officer (uncredited)",0
939,155,204276,"Chechen's Bodyguard (uncredited)",0
940,155,1209055,"Detective (uncredited)",0
941,155,1512023,"Party Guest (uncredited)",0
942,155,127005,"Major Crime Unit Detective (uncredited)",2
943,155,1380656,"Party Staff (uncredited)",0
944,1726,3223,"Tony Stark / Iron Man",2
945,1726,18288,"Lt. Col. James Rhodey Rhodes / War Machine",2
946,1726,1229,"Obadiah Stane / Iron Monger",2
947,1726,17857,Yinsen,2
948,1726,12052,"Virginia Pepper Potts",1
949,1726,57452,Raza,2
950,1726,6162,"J.A.R.V.I.S. (voice)",2
951,1726,57451,"Christine Everhart",1
952,1726,9048,"Agent Phil Coulson",2
953,1726,163671,"Award Ceremony Narrator (voice)",2
954,1726,15277,"Happy Hogan",2
955,1726,2231,"Director Nick Fury",2
956,1726,7624,"Stan Lee",2
957,1726,78299,Guard,0
958,1726,203468,"Jim Cramer",0
959,1726,173810,"Abu Bakaar",2
960,1726,17200,"General Gabriel",2
961,1726,12708,"William Ginter Riva",2
962,1726,40275,"Major Allen",2
963,1726,54809,Guard,2
964,1726,944830,Guard,2
965,1726,1209417,Guard,0
966,1726,95698,Jimmy,2
967,1726,1209418,Pratt,2
968,1726,62037,Ramirez,1
969,1726,183439,Ahmed,2
970,1726,109669,Omar,0
971,1726,104669,"Howard Stark",2
972,1726,1209419,"Viper 1",0
973,1726,195442,"Viper 2",2
974,1726,142213,"Amira Ahmed",1
975,1726,1209702,"Colonel Craig",0
976,1726,1209703,"Dealer at Craps Table",0
977,1726,183037,"Woman at Craps Table",1
978,1726,1209704,"Woman at Craps Table",0
979,1726,214951,Engineer,0
980,1726,205362,"Air Force Officer",2
981,1726,939869,"Woman In SUV",1
982,1726,1209705,"Kid in SUV",2
983,1726,1209706,"Kid in SUV",0
984,1726,1209707,"Kid in SUV",1
985,1726,1209708,"Kid in SUV",0
986,1726,1209709,"Kid in SUV",1
987,1726,1209710,"Gulmira Kid",0
988,1726,206423,"Gulmira Mom",0
989,1726,133121,Reporter,2
990,1726,181895,Reporter,0
991,1726,62843,Reporter,1
992,1726,204606,Reporter,0
993,1726,210842,"Flight Attendant",0
994,1726,205720,"Flight Attendant",1
995,1726,1005698,"Flight Attendant",1
996,1726,1209711,"Air Force Lieutenant",0
997,1726,90721,"Zorianna Kit",0
998,1726,169681,"Stan's Girl",0
999,1726,1209712,"Stan's Girl",0
1000,1726,1209713,"Stan's Girl",0
